region,category,parameter,mode,powertrain,year,value,Population,EVs_per_1000,EVs_per_1000_avg
Austria,Historical,EV sales,Cars,BEV,2013,650.0,8479823.0,0.07665254333728429,0.1562836408311771
Austria,Historical,EV sales,Cars,BEV,2014,1700.0,8546356.0,0.19891518677668005,0.36489226917943135
Austria,Historical,EV sales,Cars,PHEV,2015,1100.0,8642699.0,0.12727505609069575,0.3165819061690226
Austria,Historical,EV sales,Cars,BEV,2015,1700.0,8642699.0,0.19669781395834796,0.37807083314645
Austria,Historical,EV sales,Cars,BEV,2016,3800.0,8736668.0,0.4349484265626209,0.3415663881667642
Austria,Historical,EV sales,Cars,PHEV,2016,1200.0,8736668.0,0.13735213470398555,0.491424894019581
Austria,Historical,EV sales,Cars,PHEV,2017,1700.0,8797566.0,0.1932352652995158,0.7605880463748121
Austria,Historical,EV sales,Cars,BEV,2017,5400.0,8797566.0,0.6138061368337561,0.5149247295194739
Austria,Historical,EV sales,Cars,BEV,2018,6800.0,8840521.0,0.7691854360167234,0.7073110836271514
Austria,Historical,EV sales,Cars,PHEV,2018,2300.0,8840521.0,0.26016566218212706,0.9123394655418124
Austria,Historical,EV sales,Cars,PHEV,2019,2200.0,8879920.0,0.24774997972954713,0.7712182683485058
Austria,Historical,EV sales,Cars,BEV,2019,9300.0,8879920.0,1.0473067324930856,1.070118781932639
Austria,Historical,EV sales,Cars,BEV,2020,16000.0,8916864.0,1.7943528128274693,1.810606502628918
Austria,Historical,EV sales,Cars,PHEV,2020,7600.0,8916864.0,0.8523175860930479,1.560693153891556
Austria,Historical,EV sales,Cars,PHEV,2021,15000.0,8955797.0,1.6748928096516702,2.5922284438470347
Austria,Historical,EV sales,Cars,BEV,2021,33000.0,8955797.0,3.6847641812336747,2.8892353825839754
Austria,Historical,EV sales,Cars,BEV,2022,34000.0,9041851.0,3.760292002157523,3.9485613113031417
Austria,Historical,EV sales,Cars,PHEV,2022,13000.0,9041851.0,1.4377587067072881,2.2931019906788035
Austria,Historical,EV sales,Cars,PHEV,2023,17000.0,9131761.0,1.8616343550822234,2.2940602072628704
Austria,Historical,EV sales,Cars,BEV,2023,48000.0,9131761.0,5.256379355526278,5.196684427823783
Belgium,Historical,EV sales,Cars,PHEV,2010,8.0,10895586.0,0.0007342422885744742,0.0005890331326082384
Belgium,Historical,EV sales,Cars,BEV,2010,48.0,10895586.0,0.004405453731446845,0.008915171437984424
Belgium,Historical,EV sales,Cars,BEV,2011,280.0,11038264.0,0.025366307600542985,0.052489205869858994
Belgium,Historical,EV sales,Cars,PHEV,2011,16.0,11038264.0,0.001449503291459599,0.001369630286872877
Belgium,Historical,EV sales,Cars,PHEV,2012,340.0,11106932.0,0.030611513602496174,0.0407210653676794
Belgium,Historical,EV sales,Cars,BEV,2012,570.0,11106932.0,0.051319302215949464,0.08392866945690444
Belgium,Historical,EV sales,Cars,BEV,2013,500.0,11159407.0,0.04480524816417216,0.1562836408311771
Belgium,Historical,EV sales,Cars,PHEV,2013,60.0,11159407.0,0.00537662977970066,0.10400311699919346
Belgium,Historical,EV sales,Cars,PHEV,2014,650.0,11209057.0,0.05798882100430036,0.12387505706781639
Belgium,Historical,EV sales,Cars,BEV,2014,1300.0,11209057.0,0.11597764200860072,0.36489226917943135
Belgium,Historical,EV sales,Cars,BEV,2015,1400.0,11274196.0,0.12417736927759637,0.37807083314645
Belgium,Historical,EV sales,Cars,PHEV,2015,2500.0,11274196.0,0.2217453022814221,0.3165819061690226
Belgium,Historical,EV sales,Cars,PHEV,2016,7100.0,11331422.0,0.6265762584784151,0.491424894019581
Belgium,Historical,EV sales,Cars,BEV,2016,2100.0,11331422.0,0.18532537222601012,0.3415663881667642
Belgium,Historical,EV sales,Cars,BEV,2017,2700.0,11375158.0,0.23735934041531553,0.5149247295194739
Belgium,Historical,EV sales,Cars,PHEV,2017,12000.0,11375158.0,1.054930401845847,0.7605880463748121
Belgium,Historical,EV sales,Cars,PHEV,2018,9600.0,11427054.0,0.840111545810495,0.9123394655418124
Belgium,Historical,EV sales,Cars,BEV,2018,3600.0,11427054.0,0.3150418296789356,0.7073110836271514
Belgium,Historical,EV sales,Cars,BEV,2019,8800.0,11488980.0,0.7659513725326357,1.070118781932639
Belgium,Historical,EV sales,Cars,PHEV,2019,8900.0,11488980.0,0.7746553654023247,0.7712182683485058
Belgium,Historical,EV sales,Cars,PHEV,2020,32000.0,11538604.0,2.7732990923338736,1.560693153891556
Belgium,Historical,EV sales,Cars,BEV,2020,15000.0,11538604.0,1.299983949531503,1.810606502628918
Belgium,Historical,EV sales,Cars,BEV,2021,23000.0,11586195.0,1.9851210859130195,2.8892353825839754
Belgium,Historical,EV sales,Cars,PHEV,2021,48000.0,11586195.0,4.142861396688041,2.5922284438470347
Belgium,Historical,EV sales,Cars,PHEV,2022,59000.0,11680210.0,5.051279043784315,2.2931019906788035
Belgium,Historical,EV sales,Cars,BEV,2022,38000.0,11680210.0,3.253366163793288,3.9485613113031417
Belgium,Historical,EV sales,Cars,BEV,2023,93000.0,11787423.0,7.889765218402698,5.196684427823783
Belgium,Historical,EV sales,Cars,PHEV,2023,100000.0,11787423.0,8.483618514411505,2.2940602072628704
Bulgaria,Historical,EV sales,Cars,BEV,2015,21.0,6984225.0,0.0030067759844506726,0.37807083314645
Bulgaria,Historical,EV sales,Cars,PHEV,2016,8.0,6894139.0,0.0011604059622238542,0.491424894019581
Bulgaria,Historical,EV sales,Cars,BEV,2016,5.0,6894139.0,0.0007252537263899089,0.3415663881667642
Bulgaria,Historical,EV sales,Cars,BEV,2017,68.0,6803468.0,0.009994902599674166,0.5149247295194739
Bulgaria,Historical,EV sales,Cars,PHEV,2017,38.0,6803468.0,0.00558538674687674,0.7605880463748121
Bulgaria,Historical,EV sales,Cars,PHEV,2018,26.0,6710798.0,0.003874352945804657,0.9123394655418124
Bulgaria,Historical,EV sales,Cars,BEV,2018,190.0,6710798.0,0.028312579219341723,0.7073110836271514
Bulgaria,Historical,EV sales,Cars,BEV,2019,180.0,6616726.0,0.027203786283427785,1.070118781932639
Bulgaria,Historical,EV sales,Cars,PHEV,2019,56.0,6616726.0,0.008463400177066423,0.7712182683485058
Bulgaria,Historical,EV sales,Cars,PHEV,2020,41.0,6550696.0,0.006258876919338036,1.560693153891556
Bulgaria,Historical,EV sales,Cars,BEV,2020,140.0,6550696.0,0.021371774846520128,1.810606502628918
Bulgaria,Historical,EV sales,Cars,BEV,2021,430.0,6507301.0,0.06607962348752579,2.8892353825839754
Bulgaria,Historical,EV sales,Cars,PHEV,2021,120.0,6507301.0,0.018440825159309518,2.5922284438470347
Bulgaria,Historical,EV sales,Cars,PHEV,2022,140.0,6465097.0,0.02165474083374155,2.2931019906788035
Bulgaria,Historical,EV sales,Cars,BEV,2022,1000.0,6465097.0,0.1546767202410111,3.9485613113031417
Bulgaria,Historical,EV sales,Cars,BEV,2023,1800.0,6446596.0,0.27921712482060296,5.196684427823783
Bulgaria,Historical,EV sales,Cars,PHEV,2023,360.0,6446596.0,0.055843424964120605,2.2940602072628704
Croatia,Historical,EV sales,Cars,PHEV,2019,67.0,3949390.0,0.01696464517305204,0.7712182683485058
Croatia,Historical,EV sales,Cars,BEV,2019,190.0,3949390.0,0.048108695266863996,1.070118781932639
Croatia,Historical,EV sales,Cars,BEV,2020,530.0,3914206.0,0.13540421735595928,1.810606502628918
Croatia,Historical,EV sales,Cars,PHEV,2020,140.0,3914206.0,0.03576715175440434,1.560693153891556
Croatia,Historical,EV sales,Cars,PHEV,2021,400.0,3878981.0,0.10311986575855876,2.5922284438470347
Croatia,Historical,EV sales,Cars,BEV,2021,1400.0,3878981.0,0.36091953015495565,2.8892353825839754
Croatia,Historical,EV sales,Cars,BEV,2022,1400.0,3855641.0,0.3631043450362728,3.9485613113031417
Croatia,Historical,EV sales,Cars,PHEV,2022,840.0,3855641.0,0.2178626070217637,2.2931019906788035
Croatia,Historical,EV sales,Cars,PHEV,2023,990.0,3859686.0,0.2564975492825064,2.2940602072628704
Croatia,Historical,EV sales,Cars,BEV,2023,1600.0,3859686.0,0.41454149378990934,5.196684427823783
Cyprus,Historical,EV sales,Cars,BEV,2019,23.0,1286671.0,0.01787558746563807,1.070118781932639
Cyprus,Historical,EV sales,Cars,PHEV,2020,83.0,1302247.0,0.06373598864117176,1.560693153891556
Cyprus,Historical,EV sales,Cars,BEV,2020,42.0,1302247.0,0.032251946059388116,1.810606502628918
Cyprus,Historical,EV sales,Cars,BEV,2021,84.0,1317309.0,0.06376636005675206,2.8892353825839754
Cyprus,Historical,EV sales,Cars,PHEV,2021,98.0,1317309.0,0.07439408673287741,2.5922284438470347
Cyprus,Historical,EV sales,Cars,PHEV,2022,230.0,1331370.0,0.17275438082576594,2.2931019906788035
Cyprus,Historical,EV sales,Cars,BEV,2022,400.0,1331370.0,0.3004424014361147,3.9485613113031417
Cyprus,Historical,EV sales,Cars,BEV,2023,790.0,1344976.0,0.5873710757664078,5.196684427823783
Cyprus,Historical,EV sales,Cars,PHEV,2023,510.0,1344976.0,0.37918892233021256,2.2940602072628704
Denmark,Historical,EV sales,Cars,BEV,2011,420.0,5570572.0,0.0753962070681431,0.052489205869858994
Denmark,Historical,EV sales,Cars,PHEV,2011,2.0,5570572.0,0.000359029557467348,0.001369630286872877
Denmark,Historical,EV sales,Cars,PHEV,2012,12.0,5591572.0,0.0021460870037978584,0.0407210653676794
Denmark,Historical,EV sales,Cars,BEV,2012,490.0,5591572.0,0.08763188598841257,0.08392866945690444
Denmark,Historical,EV sales,Cars,BEV,2013,500.0,5614932.0,0.08904827342521691,0.1562836408311771
Denmark,Historical,EV sales,Cars,PHEV,2013,10.0,5614932.0,0.001780965468504338,0.10400311699919346
Denmark,Historical,EV sales,Cars,PHEV,2014,90.0,5643475.0,0.01594762092505061,0.12387505706781639
Denmark,Historical,EV sales,Cars,BEV,2014,1600.0,5643475.0,0.2835132608897887,0.36489226917943135
Denmark,Historical,EV sales,Cars,BEV,2015,4300.0,5683483.0,0.7565783165006388,0.37807083314645
Denmark,Historical,EV sales,Cars,PHEV,2015,420.0,5683483.0,0.07389834719308565,0.3165819061690226
Denmark,Historical,EV sales,Cars,PHEV,2016,570.0,5728010.0,0.09951099945705402,0.491424894019581
Denmark,Historical,EV sales,Cars,BEV,2016,1300.0,5728010.0,0.2269549110424039,0.3415663881667642
Denmark,Historical,EV sales,Cars,BEV,2017,710.0,5764980.0,0.1231574090456515,0.5149247295194739
Denmark,Historical,EV sales,Cars,PHEV,2017,620.0,5764980.0,0.10754590649056892,0.7605880463748121
Denmark,Historical,EV sales,Cars,PHEV,2018,3100.0,5793636.0,0.5350698594112574,0.9123394655418124
Denmark,Historical,EV sales,Cars,BEV,2018,1500.0,5793636.0,0.2589047706828665,0.7073110836271514
Denmark,Historical,EV sales,Cars,BEV,2019,5500.0,5814422.0,0.9459237736786219,1.070118781932639
Denmark,Historical,EV sales,Cars,PHEV,2019,3900.0,5814422.0,0.6707459486084772,0.7712182683485058
Denmark,Historical,EV sales,Cars,PHEV,2020,18000.0,5831404.0,3.0867352013340184,1.560693153891556
Denmark,Historical,EV sales,Cars,BEV,2020,14000.0,5831404.0,2.4007940454820145,1.810606502628918
Denmark,Historical,EV sales,Cars,BEV,2021,25000.0,5856733.0,4.2685913802114595,2.8892353825839754
Denmark,Historical,EV sales,Cars,PHEV,2021,40000.0,5856733.0,6.829746208338335,2.5922284438470347
Denmark,Historical,EV sales,Cars,PHEV,2022,26000.0,5903037.0,4.4045124568929515,2.2931019906788035
Denmark,Historical,EV sales,Cars,BEV,2022,31000.0,5903037.0,5.2515340832185196,3.9485613113031417
Denmark,Historical,EV sales,Cars,BEV,2023,63000.0,5946952.0,10.593662097827593,5.196684427823783
Denmark,Historical,EV sales,Cars,PHEV,2023,17000.0,5946952.0,2.8586072327471284,2.2940602072628704
Estonia,Historical,EV sales,Cars,BEV,2015,34.0,1315407.0,0.025847513355182084,0.37807083314645
Estonia,Historical,EV sales,Cars,BEV,2016,35.0,1315790.0,0.026599989360004257,0.3415663881667642
Estonia,Historical,EV sales,Cars,BEV,2017,26.0,1317384.0,0.019736083025146806,0.5149247295194739
Estonia,Historical,EV sales,Cars,PHEV,2017,20.0,1317384.0,0.015181602327036005,0.7605880463748121
Estonia,Historical,EV sales,Cars,PHEV,2018,33.0,1321977.0,0.024962612813989954,0.9123394655418124
Estonia,Historical,EV sales,Cars,BEV,2018,85.0,1321977.0,0.06429763906633777,0.7073110836271514
Estonia,Historical,EV sales,Cars,BEV,2019,80.0,1326898.0,0.06029099448488128,1.070118781932639
Estonia,Historical,EV sales,Cars,PHEV,2019,17.0,1326898.0,0.012811836328037271,0.7712182683485058
Estonia,Historical,EV sales,Cars,PHEV,2020,75.0,1329522.0,0.05641125156259166,1.560693153891556
Estonia,Historical,EV sales,Cars,BEV,2020,340.0,1329522.0,0.25573100708374885,1.810606502628918
Estonia,Historical,EV sales,Cars,BEV,2021,480.0,1330932.0,0.3606495298031755,2.8892353825839754
Estonia,Historical,EV sales,Cars,PHEV,2021,240.0,1330932.0,0.18032476490158775,2.5922284438470347
Estonia,Historical,EV sales,Cars,PHEV,2022,430.0,1348840.0,0.31879244387770234,2.2931019906788035
Estonia,Historical,EV sales,Cars,BEV,2022,730.0,1348840.0,0.5412057768156342,3.9485613113031417
Estonia,Historical,EV sales,Cars,BEV,2023,1400.0,1370286.0,1.0216845242526014,5.196684427823783
Estonia,Historical,EV sales,Cars,PHEV,2023,560.0,1370286.0,0.4086738097010405,2.2940602072628704
Finland,Historical,EV sales,Cars,BEV,2011,30.0,5388272.0,0.005567647661439512,0.052489205869858994
Finland,Historical,EV sales,Cars,BEV,2012,51.0,5413971.0,0.009420072623218706,0.08392866945690444
Finland,Historical,EV sales,Cars,PHEV,2012,130.0,5413971.0,0.024011949823890818,0.0407210653676794
Finland,Historical,EV sales,Cars,PHEV,2013,170.0,5438972.0,0.031255906447027124,0.10400311699919346
Finland,Historical,EV sales,Cars,BEV,2013,50.0,5438972.0,0.00919291366089033,0.1562836408311771
Finland,Historical,EV sales,Cars,BEV,2014,180.0,5461512.0,0.03295790616224958,0.36489226917943135
Finland,Historical,EV sales,Cars,PHEV,2014,260.0,5461512.0,0.04760586445658272,0.12387505706781639
Finland,Historical,EV sales,Cars,PHEV,2015,420.0,5479531.0,0.07664889568103547,0.3165819061690226
Finland,Historical,EV sales,Cars,BEV,2015,240.0,5479531.0,0.0437993689605917,0.37807083314645
Finland,Historical,EV sales,Cars,BEV,2016,220.0,5495303.0,0.04003418919757473,0.3415663881667642
Finland,Historical,EV sales,Cars,PHEV,2016,1200.0,5495303.0,0.21836830471404395,0.491424894019581
Finland,Historical,EV sales,Cars,PHEV,2017,2600.0,5508214.0,0.47202232883471845,0.7605880463748121
Finland,Historical,EV sales,Cars,BEV,2017,500.0,5508214.0,0.0907735247759074,0.5149247295194739
Finland,Historical,EV sales,Cars,BEV,2018,780.0,5515525.0,0.14141899456534057,0.7073110836271514
Finland,Historical,EV sales,Cars,PHEV,2018,4900.0,5515525.0,0.8884013761156009,0.9123394655418124
Finland,Historical,EV sales,Cars,PHEV,2019,6000.0,5521606.0,1.0866403723844114,0.7712182683485058
Finland,Historical,EV sales,Cars,BEV,2019,1900.0,5521606.0,0.3441027845883969,1.070118781932639
Finland,Historical,EV sales,Cars,BEV,2020,4200.0,5529543.0,0.7595564407402203,1.810606502628918
Finland,Historical,EV sales,Cars,PHEV,2020,13000.0,5529543.0,2.351008030862587,1.560693153891556
Finland,Historical,EV sales,Cars,PHEV,2021,20000.0,5541017.0,3.6094457028375837,2.5922284438470347
Finland,Historical,EV sales,Cars,BEV,2021,10000.0,5541017.0,1.8047228514187919,2.8892353825839754
Finland,Historical,EV sales,Cars,BEV,2022,15000.0,5556106.0,2.6997325105028596,3.9485613113031417
Finland,Historical,EV sales,Cars,PHEV,2022,16000.0,5556106.0,2.8797146778697167,2.2931019906788035
Finland,Historical,EV sales,Cars,PHEV,2023,18000.0,5583911.0,3.223547080173735,2.2940602072628704
Finland,Historical,EV sales,Cars,BEV,2023,30000.0,5583911.0,5.372578466956225,5.196684427823783
France,Historical,EV sales,Cars,BEV,2010,190.0,65026211.0,0.0029218986786728202,0.008915171437984424
France,Historical,EV sales,Cars,PHEV,2010,82.0,65026211.0,0.001261029956058796,0.0005890331326082384
France,Historical,EV sales,Cars,PHEV,2011,56.0,65340830.0,0.0008570445156573616,0.001369630286872877
France,Historical,EV sales,Cars,BEV,2011,2600.0,65340830.0,0.03979135251266322,0.052489205869858994
France,Historical,EV sales,Cars,BEV,2012,5700.0,65657659.0,0.08681393894960525,0.08392866945690444
France,Historical,EV sales,Cars,PHEV,2012,660.0,65657659.0,0.010052140299427977,0.0407210653676794
France,Historical,EV sales,Cars,PHEV,2013,850.0,65997932.0,0.012879191426785917,0.10400311699919346
France,Historical,EV sales,Cars,BEV,2013,8900.0,65997932.0,0.13485271023340548,0.1562836408311771
France,Historical,EV sales,Cars,BEV,2014,11000.0,66312067.0,0.16588232726933397,0.36489226917943135
France,Historical,EV sales,Cars,PHEV,2014,2100.0,66312067.0,0.03166844429687285,0.12387505706781639
France,Historical,EV sales,Cars,PHEV,2015,5800.0,66548272.0,0.08715477991674975,0.3165819061690226
France,Historical,EV sales,Cars,BEV,2015,18000.0,66548272.0,0.2704803514657751,0.37807083314645
France,Historical,EV sales,Cars,BEV,2016,23000.0,66724104.0,0.34470301766809786,0.3415663881667642
France,Historical,EV sales,Cars,PHEV,2016,7600.0,66724104.0,0.1139018667077193,0.491424894019581
France,Historical,EV sales,Cars,PHEV,2017,12000.0,66918020.0,0.1793238951182357,0.7605880463748121
France,Historical,EV sales,Cars,BEV,2017,26000.0,66918020.0,0.38853510608951075,0.5149247295194739
France,Historical,EV sales,Cars,BEV,2018,33000.0,67158348.0,0.4913759939419594,0.7073110836271514
France,Historical,EV sales,Cars,PHEV,2018,15000.0,67158348.0,0.22335272451907243,0.9123394655418124
France,Historical,EV sales,Cars,PHEV,2019,19000.0,67382061.0,0.2819741592647337,0.7712182683485058
France,Historical,EV sales,Cars,BEV,2019,45000.0,67382061.0,0.6678335351006851,1.070118781932639
France,Historical,EV sales,Cars,BEV,2020,110000.0,67601110.0,1.6271922162224852,1.810606502628918
France,Historical,EV sales,Cars,PHEV,2020,75000.0,67601110.0,1.1094492383335126,1.560693153891556
France,Historical,EV sales,Cars,PHEV,2021,140000.0,67842811.0,2.0635937387676937,2.5922284438470347
France,Historical,EV sales,Cars,BEV,2021,170000.0,67842811.0,2.505792397075056,2.8892353825839754
France,Historical,EV sales,Cars,BEV,2022,210000.0,68065015.0,3.0852854436306227,3.9485613113031417
France,Historical,EV sales,Cars,PHEV,2022,130000.0,68065015.0,1.9099386079618141,2.2931019906788035
France,Historical,EV sales,Cars,PHEV,2023,160000.0,68287487.0,2.3430354085222085,2.2940602072628704
France,Historical,EV sales,Cars,BEV,2023,310000.0,68287487.0,4.539631104011779,5.196684427823783
Germany,Historical,EV sales,Cars,BEV,2010,140.0,81776930.0,0.0017119742695158647,0.008915171437984424
Germany,Historical,EV sales,Cars,BEV,2011,1400.0,80274983.0,0.0174400535220294,0.052489205869858994
Germany,Historical,EV sales,Cars,PHEV,2011,240.0,80274983.0,0.0029897234609193254,0.001369630286872877
Germany,Historical,EV sales,Cars,PHEV,2012,1200.0,80425823.0,0.014920580918394828,0.0407210653676794
Germany,Historical,EV sales,Cars,BEV,2012,2200.0,80425823.0,0.02735439835039052,0.08392866945690444
Germany,Historical,EV sales,Cars,BEV,2013,5200.0,80645605.0,0.06447964523299193,0.1562836408311771
Germany,Historical,EV sales,Cars,PHEV,2013,1600.0,80645605.0,0.019839890840920592,0.10400311699919346
Germany,Historical,EV sales,Cars,PHEV,2014,4400.0,80982500.0,0.05433272620627913,0.12387505706781639
Germany,Historical,EV sales,Cars,BEV,2014,9100.0,80982500.0,0.1123699564720773,0.36489226917943135
Germany,Historical,EV sales,Cars,BEV,2015,12000.0,81686611.0,0.14690289942375012,0.37807083314645
Germany,Historical,EV sales,Cars,PHEV,2015,11000.0,81686611.0,0.1346609911384376,0.3165819061690226
Germany,Historical,EV sales,Cars,PHEV,2016,13000.0,82348669.0,0.15786533234678027,0.491424894019581
Germany,Historical,EV sales,Cars,BEV,2016,11000.0,82348669.0,0.1335783581395833,0.3415663881667642
Germany,Historical,EV sales,Cars,BEV,2017,25000.0,82657002.0,0.302454715209729,0.5149247295194739
Germany,Historical,EV sales,Cars,PHEV,2017,29000.0,82657002.0,0.3508474696432856,0.7605880463748121
Germany,Historical,EV sales,Cars,PHEV,2018,31000.0,82905782.0,0.37391843188934637,0.9123394655418124
Germany,Historical,EV sales,Cars,BEV,2018,36000.0,82905782.0,0.43422785638762806,0.7073110836271514
Germany,Historical,EV sales,Cars,BEV,2019,63000.0,83092962.0,0.758186956917001,1.070118781932639
Germany,Historical,EV sales,Cars,PHEV,2019,45000.0,83092962.0,0.5415621120835721,0.7712182683485058
Germany,Historical,EV sales,Cars,PHEV,2020,200000.0,83160871.0,2.4049772157869778,1.560693153891556
Germany,Historical,EV sales,Cars,BEV,2020,190000.0,83160871.0,2.2847283549976285,1.810606502628918
Germany,Historical,EV sales,Cars,BEV,2021,360000.0,83196078.0,4.32712705519604,2.8892353825839754
Germany,Historical,EV sales,Cars,PHEV,2021,330000.0,83196078.0,3.966533133929703,2.5922284438470347
Germany,Historical,EV sales,Cars,PHEV,2022,360000.0,83797985.0,4.2960460206769895,2.2931019906788035
Germany,Historical,EV sales,Cars,BEV,2022,470000.0,83797985.0,5.60872674921718,3.9485613113031417
Germany,Historical,EV sales,Cars,BEV,2023,520000.0,83901923.0,6.19771253633841,5.196684427823783
Germany,Historical,EV sales,Cars,PHEV,2023,180000.0,83901923.0,2.1453620318094497,2.2940602072628704
Greece,Historical,EV sales,Cars,BEV,2013,3.0,10965211.0,0.0002735925464635382,0.1562836408311771
Greece,Historical,EV sales,Cars,BEV,2014,39.0,10892413.0,0.003580473858271808,0.36489226917943135
Greece,Historical,EV sales,Cars,BEV,2015,35.0,10820883.0,0.0032344865017023103,0.37807083314645
Greece,Historical,EV sales,Cars,PHEV,2015,22.0,10820883.0,0.0020331058010700236,0.3165819061690226
Greece,Historical,EV sales,Cars,PHEV,2016,56.0,10775971.0,0.005196747467119205,0.491424894019581
Greece,Historical,EV sales,Cars,BEV,2016,41.0,10775971.0,0.00380476153842656,0.3415663881667642
Greece,Historical,EV sales,Cars,BEV,2017,50.0,10754679.0,0.004649139225819757,0.5149247295194739
Greece,Historical,EV sales,Cars,PHEV,2017,140.0,10754679.0,0.013017589832295319,0.7605880463748121
Greece,Historical,EV sales,Cars,PHEV,2018,210.0,10732882.0,0.019566040137215707,0.9123394655418124
Greece,Historical,EV sales,Cars,BEV,2018,88.0,10732882.0,0.008199102533690392,0.7073110836271514
Greece,Historical,EV sales,Cars,BEV,2019,190.0,10721582.0,0.017721265387887722,1.070118781932639
Greece,Historical,EV sales,Cars,PHEV,2019,290.0,10721582.0,0.02704824717098652,0.7712182683485058
Greece,Historical,EV sales,Cars,PHEV,2020,1500.0,10698599.0,0.1402052736063853,1.560693153891556
Greece,Historical,EV sales,Cars,BEV,2020,680.0,10698599.0,0.06355972403489467,1.810606502628918
Greece,Historical,EV sales,Cars,BEV,2021,2200.0,10569207.0,0.2081518509382965,2.8892353825839754
Greece,Historical,EV sales,Cars,PHEV,2021,4800.0,10569207.0,0.45414949295628326,2.5922284438470347
Greece,Historical,EV sales,Cars,PHEV,2022,5500.0,10436882.0,0.5269773098900611,2.2931019906788035
Greece,Historical,EV sales,Cars,BEV,2022,2800.0,10436882.0,0.2682793577622129,3.9485613113031417
Greece,Historical,EV sales,Cars,BEV,2023,7000.0,10405588.0,0.672715467881296,5.196684427823783
Greece,Historical,EV sales,Cars,PHEV,2023,10000.0,10405588.0,0.9610220969732801,2.2940602072628704
Hungary,Historical,EV sales,Cars,PHEV,2015,15.0,9797755.0,0.0015309629603924573,0.3165819061690226
Hungary,Historical,EV sales,Cars,BEV,2015,120.0,9797755.0,0.012247703683139658,0.37807083314645
Hungary,Historical,EV sales,Cars,BEV,2016,170.0,9759755.0,0.017418470033315384,0.3415663881667642
Hungary,Historical,EV sales,Cars,PHEV,2016,170.0,9759755.0,0.017418470033315384,0.491424894019581
Hungary,Historical,EV sales,Cars,PHEV,2017,440.0,9726756.0,0.04523604786631843,0.7605880463748121
Hungary,Historical,EV sales,Cars,BEV,2017,750.0,9726756.0,0.07710689977213368,0.5149247295194739
Hungary,Historical,EV sales,Cars,BEV,2018,1300.0,9706964.0,0.13392446907189517,0.7073110836271514
Hungary,Historical,EV sales,Cars,PHEV,2018,770.0,9706964.0,0.07932449321950714,0.9123394655418124
Hungary,Historical,EV sales,Cars,PHEV,2019,1100.0,9694824.0,0.11346260643823962,0.7712182683485058
Hungary,Historical,EV sales,Cars,BEV,2019,1800.0,9694824.0,0.18566608326257392,1.070118781932639
Hungary,Historical,EV sales,Cars,BEV,2020,3000.0,9670419.0,0.3102244070293128,1.810606502628918
Hungary,Historical,EV sales,Cars,PHEV,2020,3000.0,9670419.0,0.3102244070293128,1.560693153891556
Hungary,Historical,EV sales,Cars,PHEV,2021,4200.0,9630932.0,0.4360948660005075,2.5922284438470347
Hungary,Historical,EV sales,Cars,BEV,2021,4300.0,9630932.0,0.4464780770957577,2.8892353825839754
Hungary,Historical,EV sales,Cars,BEV,2022,4700.0,9605074.0,0.489324704838297,3.9485613113031417
Hungary,Historical,EV sales,Cars,PHEV,2022,4900.0,9605074.0,0.5101470327037564,2.2931019906788035
Hungary,Historical,EV sales,Cars,PHEV,2023,5500.0,9592186.0,0.573383376844444,2.2940602072628704
Hungary,Historical,EV sales,Cars,BEV,2023,5800.0,9592186.0,0.6046588337632318,5.196684427823783
Iceland,Historical,EV sales,Cars,PHEV,2012,9.0,320716.0,0.028062210803327554,0.0407210653676794
Iceland,Historical,EV sales,Cars,BEV,2012,17.0,320716.0,0.05300639818406316,0.08392866945690444
Iceland,Historical,EV sales,Cars,BEV,2013,80.0,323764.0,0.24709356197724267,0.1562836408311771
Iceland,Historical,EV sales,Cars,PHEV,2013,23.0,323764.0,0.07103939906845727,0.10400311699919346
Iceland,Historical,EV sales,Cars,PHEV,2014,29.0,327386.0,0.08858045243229704,0.12387505706781639
Iceland,Historical,EV sales,Cars,BEV,2014,200.0,327386.0,0.6108996719468762,0.36489226917943135
Iceland,Historical,EV sales,Cars,BEV,2015,390.0,330815.0,1.1789066396626513,0.37807083314645
Iceland,Historical,EV sales,Cars,PHEV,2015,170.0,330815.0,0.5138823813914122,0.3165819061690226
Iceland,Historical,EV sales,Cars,PHEV,2016,780.0,335439.0,2.325311010347634,0.491424894019581
Iceland,Historical,EV sales,Cars,BEV,2016,380.0,335439.0,1.1328438255539757,0.3415663881667642
Iceland,Historical,EV sales,Cars,BEV,2017,840.0,343400.0,2.44612696563774,0.5149247295194739
Iceland,Historical,EV sales,Cars,PHEV,2017,2200.0,343400.0,6.4065230052417,0.7605880463748121
Iceland,Historical,EV sales,Cars,PHEV,2018,2900.0,352721.0,8.221795696882237,0.9123394655418124
Iceland,Historical,EV sales,Cars,BEV,2018,780.0,352721.0,2.211379532264878,0.7073110836271514
Iceland,Historical,EV sales,Cars,BEV,2019,1100.0,360563.0,3.050784467624243,1.070118781932639
Iceland,Historical,EV sales,Cars,PHEV,2019,2000.0,360563.0,5.546880850225897,0.7712182683485058
Iceland,Historical,EV sales,Cars,PHEV,2020,2400.0,366463.0,6.549092268523698,1.560693153891556
Iceland,Historical,EV sales,Cars,BEV,2020,2500.0,366463.0,6.821971113045518,1.810606502628918
Iceland,Historical,EV sales,Cars,BEV,2021,4200.0,372520.0,11.27456243960056,2.8892353825839754
Iceland,Historical,EV sales,Cars,PHEV,2021,4900.0,372520.0,13.153656179533984,2.5922284438470347
Iceland,Historical,EV sales,Cars,PHEV,2022,5100.0,382003.0,13.35068049203802,2.2931019906788035
Iceland,Historical,EV sales,Cars,BEV,2022,6900.0,382003.0,18.06268537158085,3.9485613113031417
Iceland,Historical,EV sales,Cars,BEV,2023,10000.0,393349.0,25.42271621384572,5.196684427823783
Iceland,Historical,EV sales,Cars,PHEV,2023,2400.0,393349.0,6.101451891322973,2.2940602072628704
Ireland,Historical,EV sales,Cars,BEV,2015,470.0,4701957.0,0.09995837903239013,0.37807083314645
Ireland,Historical,EV sales,Cars,PHEV,2015,120.0,4701957.0,0.02552128826358897,0.3165819061690226
Ireland,Historical,EV sales,Cars,PHEV,2016,300.0,4762722.0,0.06298918979524734,0.491424894019581
Ireland,Historical,EV sales,Cars,BEV,2016,390.0,4762722.0,0.08188594673382155,0.3415663881667642
Ireland,Historical,EV sales,Cars,BEV,2017,620.0,4827445.0,0.1284323280741676,0.5149247295194739
Ireland,Historical,EV sales,Cars,PHEV,2017,330.0,4827445.0,0.06835914236205694,0.7605880463748121
Ireland,Historical,EV sales,Cars,PHEV,2018,740.0,4898022.0,0.1510813957144333,0.9123394655418124
Ireland,Historical,EV sales,Cars,BEV,2018,1200.0,4898022.0,0.2449968579152972,0.7073110836271514
Ireland,Historical,EV sales,Cars,BEV,2019,3400.0,4976456.0,0.6832171328350939,1.070118781932639
Ireland,Historical,EV sales,Cars,PHEV,2019,1300.0,4976456.0,0.2612300802016535,0.7712182683485058
Ireland,Historical,EV sales,Cars,PHEV,2020,2500.0,5039747.0,0.4960566472880484,1.560693153891556
Ireland,Historical,EV sales,Cars,BEV,2020,4000.0,5039747.0,0.7936906356608775,1.810606502628918
Ireland,Historical,EV sales,Cars,BEV,2021,8600.0,5110585.0,1.6827819124425092,2.8892353825839754
Ireland,Historical,EV sales,Cars,PHEV,2021,7900.0,5110585.0,1.5458112916623048,2.5922284438470347
Ireland,Historical,EV sales,Cars,PHEV,2022,7700.0,5212836.0,1.4771230094328691,2.2931019906788035
Ireland,Historical,EV sales,Cars,BEV,2022,16000.0,5212836.0,3.069346513107261,3.9485613113031417
Ireland,Historical,EV sales,Cars,BEV,2023,23000.0,5307600.0,4.333408696962845,5.196684427823783
Ireland,Historical,EV sales,Cars,PHEV,2023,10000.0,5307600.0,1.884090737809933,2.2940602072628704
Italy,Historical,EV sales,Cars,BEV,2010,40.0,59819407.0,0.0006686793133873761,0.008915171437984424
Italy,Historical,EV sales,Cars,BEV,2011,110.0,60026841.0,0.0018325135583929864,0.052489205869858994
Italy,Historical,EV sales,Cars,BEV,2012,460.0,60191247.0,0.007642307194599242,0.08392866945690444
Italy,Historical,EV sales,Cars,BEV,2013,860.0,60311613.0,0.014259277064932753,0.1562836408311771
Italy,Historical,EV sales,Cars,PHEV,2013,180.0,60311613.0,0.0029844998507998783,0.10400311699919346
Italy,Historical,EV sales,Cars,PHEV,2014,340.0,60320707.0,0.005636538709667312,0.12387505706781639
Italy,Historical,EV sales,Cars,BEV,2014,1000.0,60320707.0,0.01657805502843327,0.36489226917943135
Italy,Historical,EV sales,Cars,BEV,2015,1500.0,60229605.0,0.02490469595475514,0.37807083314645
Italy,Historical,EV sales,Cars,PHEV,2015,740.0,60229605.0,0.012286316671012536,0.3165819061690226
Italy,Historical,EV sales,Cars,PHEV,2016,1300.0,60115223.0,0.021625138111855628,0.491424894019581
Italy,Historical,EV sales,Cars,BEV,2016,1400.0,60115223.0,0.02328861027430606,0.3415663881667642
Italy,Historical,EV sales,Cars,BEV,2017,2000.0,60002252.0,0.033332082269178824,0.5149247295194739
Italy,Historical,EV sales,Cars,PHEV,2017,2900.0,60002252.0,0.0483315192903093,0.7605880463748121
Italy,Historical,EV sales,Cars,PHEV,2018,4700.0,60148658.0,0.07813973172934299,0.9123394655418124
Italy,Historical,EV sales,Cars,BEV,2018,5000.0,60148658.0,0.08312737418015212,0.7073110836271514
Italy,Historical,EV sales,Cars,BEV,2019,11000.0,59729081.0,0.18416489615837214,1.070118781932639
Italy,Historical,EV sales,Cars,PHEV,2019,6500.0,59729081.0,0.10882471136631083,0.7712182683485058
Italy,Historical,EV sales,Cars,PHEV,2020,27000.0,59438851.0,0.45424835012372633,1.560693153891556
Italy,Historical,EV sales,Cars,BEV,2020,33000.0,59438851.0,0.5551924279289988,1.810606502628918
Italy,Historical,EV sales,Cars,BEV,2021,67000.0,59133173.0,1.1330357665738655,2.8892353825839754
Italy,Historical,EV sales,Cars,PHEV,2021,71000.0,59133173.0,1.2006796929364842,2.5922284438470347
Italy,Historical,EV sales,Cars,PHEV,2022,65000.0,59013667.0,1.1014397732647254,2.2931019906788035
Italy,Historical,EV sales,Cars,BEV,2022,49000.0,59013667.0,0.8303161367687929,3.9485613113031417
Italy,Historical,EV sales,Cars,BEV,2023,66000.0,58993475.0,1.1187677959299736,5.196684427823783
Italy,Historical,EV sales,Cars,PHEV,2023,70000.0,58993475.0,1.1865719047742145,2.2940602072628704
Latvia,Historical,EV sales,Cars,BEV,2015,17.0,1977527.0,0.008596595646987374,0.37807083314645
Latvia,Historical,EV sales,Cars,PHEV,2015,9.0,1977527.0,0.004551138871934492,0.3165819061690226
Latvia,Historical,EV sales,Cars,PHEV,2016,18.0,1959537.0,0.009185843390556035,0.491424894019581
Latvia,Historical,EV sales,Cars,BEV,2016,22.0,1959537.0,0.011227141921790708,0.3415663881667642
Latvia,Historical,EV sales,Cars,BEV,2017,22.0,1942248.0,0.011327080784740156,0.5149247295194739
Latvia,Historical,EV sales,Cars,PHEV,2017,18.0,1942248.0,0.009267611551151038,0.7605880463748121
Latvia,Historical,EV sales,Cars,PHEV,2018,17.0,1927174.0,0.008821206595771841,0.9123394655418124
Latvia,Historical,EV sales,Cars,BEV,2018,73.0,1927174.0,0.03787929891125555,0.7073110836271514
Latvia,Historical,EV sales,Cars,BEV,2019,86.0,1913822.0,0.04493625843991761,1.070118781932639
Latvia,Historical,EV sales,Cars,PHEV,2019,12.0,1913822.0,0.006270175596267573,0.7712182683485058
Latvia,Historical,EV sales,Cars,PHEV,2020,73.0,1900449.0,0.038411975275316514,1.560693153891556
Latvia,Historical,EV sales,Cars,BEV,2020,310.0,1900449.0,0.16311934705956327,1.810606502628918
Latvia,Historical,EV sales,Cars,BEV,2021,410.0,1884490.0,0.21756549517376056,2.8892353825839754
Latvia,Historical,EV sales,Cars,PHEV,2021,140.0,1884490.0,0.07429065688860116,2.5922284438470347
Latvia,Historical,EV sales,Cars,PHEV,2022,300.0,1879383.0,0.15962685626080475,2.2931019906788035
Latvia,Historical,EV sales,Cars,BEV,2022,1100.0,1879383.0,0.5852984729562841,3.9485613113031417
Latvia,Historical,EV sales,Cars,BEV,2023,1700.0,1877445.0,0.9054859130360677,5.196684427823783
Latvia,Historical,EV sales,Cars,PHEV,2023,360.0,1877445.0,0.19174995805469666,2.2940602072628704
Lithuania,Historical,EV sales,Cars,BEV,2015,37.0,2911109.0,0.012709932881249036,0.37807083314645
Lithuania,Historical,EV sales,Cars,BEV,2016,64.0,2877325.0,0.02224288184337883,0.3415663881667642
Lithuania,Historical,EV sales,Cars,BEV,2017,52.0,2842639.0,0.01829286096475845,0.5149247295194739
Lithuania,Historical,EV sales,Cars,BEV,2018,140.0,2819200.0,0.0496594778660613,0.7073110836271514
Lithuania,Historical,EV sales,Cars,BEV,2019,160.0,2811089.0,0.056917443737996204,1.070118781932639
Lithuania,Historical,EV sales,Cars,BEV,2020,450.0,2810369.0,0.16012132214666472,1.810606502628918
Lithuania,Historical,EV sales,Cars,BEV,2021,1200.0,2808380.0,0.4272926028528903,2.8892353825839754
Lithuania,Historical,EV sales,Cars,PHEV,2021,400.0,2808380.0,0.14243086761763007,2.5922284438470347
Lithuania,Historical,EV sales,Cars,PHEV,2022,670.0,2831639.0,0.23661208226048588,2.2931019906788035
Lithuania,Historical,EV sales,Cars,BEV,2022,1400.0,2831639.0,0.4944133062159407,3.9485613113031417
Lithuania,Historical,EV sales,Cars,BEV,2023,2100.0,2871585.0,0.7313034439168613,5.196684427823783
Luxembourg,Historical,EV sales,Cars,PHEV,2019,910.0,620001.0,1.467739568161987,0.7712182683485058
Luxembourg,Historical,EV sales,Cars,BEV,2019,990.0,620001.0,1.5967716181102933,1.070118781932639
Luxembourg,Historical,EV sales,Cars,BEV,2020,2500.0,630419.0,3.9656165185376713,1.810606502628918
Luxembourg,Historical,EV sales,Cars,PHEV,2020,2700.0,630419.0,4.282865840020684,1.560693153891556
Luxembourg,Historical,EV sales,Cars,PHEV,2021,4400.0,640064.0,6.874312568743126,2.5922284438470347
Luxembourg,Historical,EV sales,Cars,BEV,2021,4600.0,640064.0,7.186781321867813,2.8892353825839754
Luxembourg,Historical,EV sales,Cars,BEV,2022,6400.0,653103.0,9.799373146349044,3.9485613113031417
Luxembourg,Historical,EV sales,Cars,PHEV,2022,3800.0,653103.0,5.818377805644745,2.2931019906788035
Luxembourg,Historical,EV sales,Cars,PHEV,2023,4800.0,666430.0,7.202556907702235,2.2940602072628704
Luxembourg,Historical,EV sales,Cars,BEV,2023,11000.0,666430.0,16.505859580150954,5.196684427823783
Netherlands,Historical,EV sales,Cars,BEV,2010,120.0,16615394.0,0.007222218143006419,0.008915171437984424
Netherlands,Historical,EV sales,Cars,BEV,2011,860.0,16693074.0,0.051518372230303415,0.052489205869858994
Netherlands,Historical,EV sales,Cars,PHEV,2011,17.0,16693074.0,0.0010183864278083233,0.001369630286872877
Netherlands,Historical,EV sales,Cars,PHEV,2012,4300.0,16754962.0,0.25664039106743425,0.0407210653676794
Netherlands,Historical,EV sales,Cars,BEV,2012,790.0,16754962.0,0.047150211382156526,0.08392866945690444
Netherlands,Historical,EV sales,Cars,BEV,2013,2600.0,16804432.0,0.15472108786539168,0.1562836408311771
Netherlands,Historical,EV sales,Cars,PHEV,2013,20000.0,16804432.0,1.190162214349167,0.10400311699919346
Netherlands,Historical,EV sales,Cars,PHEV,2014,12000.0,16865008.0,0.7115324226350797,0.12387505706781639
Netherlands,Historical,EV sales,Cars,BEV,2014,2700.0,16865008.0,0.16009479509289293,0.36489226917943135
Netherlands,Historical,EV sales,Cars,BEV,2015,3400.0,16939923.0,0.2007092948415409,0.37807083314645
Netherlands,Historical,EV sales,Cars,PHEV,2015,39000.0,16939923.0,2.3022536761235575,0.3165819061690226
Netherlands,Historical,EV sales,Cars,PHEV,2016,18000.0,17030314.0,1.05693882097535,0.491424894019581
Netherlands,Historical,EV sales,Cars,BEV,2016,4000.0,17030314.0,0.23487529355007783,0.3415663881667642
Netherlands,Historical,EV sales,Cars,BEV,2017,8000.0,17131296.0,0.46698159905707076,0.5149247295194739
Netherlands,Historical,EV sales,Cars,PHEV,2017,1100.0,17131296.0,0.06420996987034722,0.7605880463748121
Netherlands,Historical,EV sales,Cars,PHEV,2018,3600.0,17231624.0,0.2089182075932019,0.9123394655418124
Netherlands,Historical,EV sales,Cars,BEV,2018,24000.0,17231624.0,1.392788050621346,0.7073110836271514
Netherlands,Historical,EV sales,Cars,BEV,2019,61000.0,17344874.0,3.5168891973501797,1.070118781932639
Netherlands,Historical,EV sales,Cars,PHEV,2019,5200.0,17344874.0,0.2998003905937858,0.7712182683485058
Netherlands,Historical,EV sales,Cars,PHEV,2020,15000.0,17441500.0,0.8600177737006566,1.560693153891556
Netherlands,Historical,EV sales,Cars,BEV,2020,72000.0,17441500.0,4.128085313763151,1.810606502628918
Netherlands,Historical,EV sales,Cars,BEV,2021,61000.0,17533044.0,3.479144864976099,2.8892353825839754
Netherlands,Historical,EV sales,Cars,PHEV,2021,31000.0,17533044.0,1.7680900133485093,2.5922284438470347
Netherlands,Historical,EV sales,Cars,PHEV,2022,34000.0,17700982.0,1.920797388529066,2.2931019906788035
Netherlands,Historical,EV sales,Cars,BEV,2022,72000.0,17700982.0,4.067570940414492,3.9485613113031417
Netherlands,Historical,EV sales,Cars,BEV,2023,110000.0,17877117.0,6.153117418205631,5.196684427823783
Netherlands,Historical,EV sales,Cars,PHEV,2023,46000.0,17877117.0,2.5731218294314457,2.2940602072628704
Norway,Historical,EV sales,Cars,BEV,2010,360.0,4889252.0,0.07363089486899019,0.008915171437984424
Norway,Historical,EV sales,Cars,BEV,2011,2000.0,4953088.0,0.4037885052718627,0.052489205869858994
Norway,Historical,EV sales,Cars,BEV,2012,3900.0,5018573.0,0.7771133348065277,0.08392866945690444
Norway,Historical,EV sales,Cars,PHEV,2012,320.0,5018573.0,0.06376314542002277,0.0407210653676794
Norway,Historical,EV sales,Cars,PHEV,2013,340.0,5079623.0,0.0669341012118419,0.10400311699919346
Norway,Historical,EV sales,Cars,BEV,2013,7900.0,5079623.0,1.555233528157503,0.1562836408311771
Norway,Historical,EV sales,Cars,BEV,2014,20000.0,5137232.0,3.893147126701695,0.36489226917943135
Norway,Historical,EV sales,Cars,PHEV,2014,1700.0,5137232.0,0.33091750576964407,0.12387505706781639
Norway,Historical,EV sales,Cars,PHEV,2015,7900.0,5188607.0,1.5225666542098872,0.3165819061690226
Norway,Historical,EV sales,Cars,BEV,2015,26000.0,5188607.0,5.01097886195659,0.37807083314645
Norway,Historical,EV sales,Cars,BEV,2016,24000.0,5234519.0,4.58494849287967,0.3415663881667642
Norway,Historical,EV sales,Cars,PHEV,2016,21000.0,5234519.0,4.0118299312697125,0.491424894019581
Norway,Historical,EV sales,Cars,PHEV,2017,29000.0,5276968.0,5.4955800376276684,0.7605880463748121
Norway,Historical,EV sales,Cars,BEV,2017,33000.0,5276968.0,6.25359107730045,0.5149247295194739
Norway,Historical,EV sales,Cars,BEV,2018,46000.0,5311916.0,8.659775493437772,0.7073110836271514
Norway,Historical,EV sales,Cars,PHEV,2018,27000.0,5311916.0,5.082911702669997,0.9123394655418124
Norway,Historical,EV sales,Cars,PHEV,2019,19000.0,5347896.0,3.5527990821063087,0.7712182683485058
Norway,Historical,EV sales,Cars,BEV,2019,60000.0,5347896.0,11.219365522440974,1.070118781932639
Norway,Historical,EV sales,Cars,BEV,2020,77000.0,5379475.0,14.313664437514813,1.810606502628918
Norway,Historical,EV sales,Cars,PHEV,2020,29000.0,5379475.0,5.390860632310774,1.560693153891556
Norway,Historical,EV sales,Cars,PHEV,2021,38000.0,5408320.0,7.026211466777114,2.5922284438470347
Norway,Historical,EV sales,Cars,BEV,2021,110000.0,5408320.0,20.33903319330217,2.8892353825839754
Norway,Historical,EV sales,Cars,BEV,2022,140000.0,5457127.0,25.654524807650617,3.9485613113031417
Norway,Historical,EV sales,Cars,PHEV,2022,16000.0,5457127.0,2.9319456923029277,2.2931019906788035
Norway,Historical,EV sales,Cars,PHEV,2023,10000.0,5519594.0,1.811727456765842,2.2940602072628704
Norway,Historical,EV sales,Cars,BEV,2023,100000.0,5519594.0,18.11727456765842,5.196684427823783
Poland,Historical,EV sales,Cars,BEV,2010,15.0,38042794.0,0.0003942928061487808,0.008915171437984424
Poland,Historical,EV sales,Cars,PHEV,2010,1.0,38042794.0,2.6286187076585385e-05,0.0005890331326082384
Poland,Historical,EV sales,Cars,BEV,2011,43.0,38063255.0,0.0011296984453904428,0.052489205869858994
Poland,Historical,EV sales,Cars,BEV,2012,44.0,38063164.0,0.0011559732659113678,0.08392866945690444
Poland,Historical,EV sales,Cars,PHEV,2012,4.0,38063164.0,0.00010508847871921525,0.0407210653676794
Poland,Historical,EV sales,Cars,PHEV,2013,6.0,38040196.0,0.00015772789393619317,0.10400311699919346
Poland,Historical,EV sales,Cars,BEV,2013,31.0,38040196.0,0.0008149274520036648,0.1562836408311771
Poland,Historical,EV sales,Cars,BEV,2014,140.0,38011735.0,0.0036830731351778605,0.36489226917943135
Poland,Historical,EV sales,Cars,PHEV,2014,61.0,38011735.0,0.0016047675803274961,0.12387505706781639
Poland,Historical,EV sales,Cars,PHEV,2015,150.0,37986412.0,0.003948780421799248,0.3165819061690226
Poland,Historical,EV sales,Cars,BEV,2015,70.0,37986412.0,0.0018427641968396487,0.37807083314645
Poland,Historical,EV sales,Cars,BEV,2016,110.0,37970087.0,0.0028970173284038037,0.3415663881667642
Poland,Historical,EV sales,Cars,PHEV,2016,400.0,37970087.0,0.010534608466922923,0.491424894019581
Poland,Historical,EV sales,Cars,PHEV,2017,640.0,37974826.0,0.01685327011109939,0.7605880463748121
Poland,Historical,EV sales,Cars,BEV,2017,440.0,37974826.0,0.011586623201380831,0.5149247295194739
Poland,Historical,EV sales,Cars,BEV,2018,620.0,37974750.0,0.01632663809505,0.7073110836271514
Poland,Historical,EV sales,Cars,PHEV,2018,760.0,37974750.0,0.02001329831006129,0.9123394655418124
Poland,Historical,EV sales,Cars,PHEV,2019,1200.0,37965475.0,0.03160766459526715,0.7712182683485058
Poland,Historical,EV sales,Cars,BEV,2019,1500.0,37965475.0,0.039509580744083936,1.070118781932639
Poland,Historical,EV sales,Cars,BEV,2020,3700.0,37515748.0,0.09862524932196473,1.810606502628918
Poland,Historical,EV sales,Cars,PHEV,2020,4500.0,37515748.0,0.11994962755374089,1.560693153891556
Poland,Historical,EV sales,Cars,PHEV,2021,9100.0,36981559.0,0.24606858786023597,2.5922284438470347
Poland,Historical,EV sales,Cars,BEV,2021,7200.0,36981559.0,0.19469162995535153,2.8892353825839754
Poland,Historical,EV sales,Cars,BEV,2022,14000.0,36821749.0,0.38021007638719173,3.9485613113031417
Poland,Historical,EV sales,Cars,PHEV,2022,11000.0,36821749.0,0.29873648858993634,2.2931019906788035
Poland,Historical,EV sales,Cars,PHEV,2023,13000.0,36687353.0,0.3543455424543711,2.2940602072628704
Poland,Historical,EV sales,Cars,BEV,2023,17000.0,36687353.0,0.4633749401326392,5.196684427823783
Portugal,Historical,EV sales,Cars,BEV,2010,13.0,10573100.0,0.0012295353302248157,0.008915171437984424
Portugal,Historical,EV sales,Cars,BEV,2011,170.0,10557560.0,0.016102205433831302,0.052489205869858994
Portugal,Historical,EV sales,Cars,PHEV,2011,2.0,10557560.0,0.0001894377109862506,0.001369630286872877
Portugal,Historical,EV sales,Cars,PHEV,2012,30.0,10514844.0,0.0028531093756597814,0.0407210653676794
Portugal,Historical,EV sales,Cars,BEV,2012,54.0,10514844.0,0.005135596876187606,0.08392866945690444
Portugal,Historical,EV sales,Cars,BEV,2013,150.0,10457295.0,0.014344053600859497,0.1562836408311771
Portugal,Historical,EV sales,Cars,PHEV,2013,35.0,10457295.0,0.003346945840200549,0.10400311699919346
Portugal,Historical,EV sales,Cars,PHEV,2014,98.0,10401062.0,0.009422114780202252,0.12387505706781639
Portugal,Historical,EV sales,Cars,BEV,2014,190.0,10401062.0,0.01826736539018804,0.36489226917943135
Portugal,Historical,EV sales,Cars,BEV,2015,670.0,10358076.0,0.0646838273826143,0.37807083314645
Portugal,Historical,EV sales,Cars,PHEV,2015,430.0,10358076.0,0.041513501156006195,0.3165819061690226
Portugal,Historical,EV sales,Cars,PHEV,2016,1000.0,10325452.0,0.09684806050137079,0.491424894019581
Portugal,Historical,EV sales,Cars,BEV,2016,800.0,10325452.0,0.07747844840109663,0.3415663881667642
Portugal,Historical,EV sales,Cars,BEV,2017,1900.0,10300300.0,0.18446064677727833,0.5149247295194739
Portugal,Historical,EV sales,Cars,PHEV,2017,2500.0,10300300.0,0.2427113773385241,0.7605880463748121
Portugal,Historical,EV sales,Cars,PHEV,2018,3900.0,10283822.0,0.37923643563647835,0.9123394655418124
Portugal,Historical,EV sales,Cars,BEV,2018,4300.0,10283822.0,0.4181324803171428,0.7073110836271514
Portugal,Historical,EV sales,Cars,BEV,2019,6800.0,10286263.0,0.6610758445511261,1.070118781932639
Portugal,Historical,EV sales,Cars,PHEV,2019,5800.0,10286263.0,0.5638588085877252,0.7712182683485058
Portugal,Historical,EV sales,Cars,PHEV,2020,12000.0,10297081.0,1.1653788097811408,1.560693153891556
Portugal,Historical,EV sales,Cars,BEV,2020,7800.0,10297081.0,0.7574962263577415,1.810606502628918
Portugal,Historical,EV sales,Cars,BEV,2021,13000.0,10361831.0,1.2546045192205897,2.8892353825839754
Portugal,Historical,EV sales,Cars,PHEV,2021,16000.0,10361831.0,1.5441286390407256,2.5922284438470347
Portugal,Historical,EV sales,Cars,PHEV,2022,16000.0,10434332.0,1.5333995506372617,2.2931019906788035
Portugal,Historical,EV sales,Cars,BEV,2022,18000.0,10434332.0,1.7250744944669194,3.9485613113031417
Portugal,Historical,EV sales,Cars,BEV,2023,36000.0,10578174.0,3.40323386626085,5.196684427823783
Portugal,Historical,EV sales,Cars,PHEV,2023,27000.0,10578174.0,2.5524253996956374,2.2940602072628704
Romania,Historical,EV sales,Cars,BEV,2015,24.0,19815616.0,0.001211165981415869,0.37807083314645
Romania,Historical,EV sales,Cars,BEV,2016,74.0,19702267.0,0.0037559129616911596,0.3415663881667642
Romania,Historical,EV sales,Cars,BEV,2017,190.0,19588715.0,0.009699462164822962,0.5149247295194739
Romania,Historical,EV sales,Cars,BEV,2018,600.0,19473970.0,0.030810358647979843,0.7073110836271514
Romania,Historical,EV sales,Cars,BEV,2019,1500.0,19371648.0,0.07743275120423415,1.070118781932639
Romania,Historical,EV sales,Cars,BEV,2020,2800.0,19265250.0,0.14533940644424548,1.810606502628918
Romania,Historical,EV sales,Cars,PHEV,2020,1000.0,19265250.0,0.05190693087294481,1.560693153891556
Romania,Historical,EV sales,Cars,BEV,2021,6300.0,19122059.0,0.32946242870603004,2.8892353825839754
Romania,Historical,EV sales,Cars,BEV,2022,12000.0,19048502.0,0.6299707977036724,3.9485613113031417
Romania,Historical,EV sales,Cars,BEV,2023,15000.0,19059479.0,0.7870099702095739,5.196684427823783
Slovenia,Historical,EV sales,Cars,BEV,2016,140.0,2065042.0,0.06779523128343151,0.3415663881667642
Slovenia,Historical,EV sales,Cars,PHEV,2016,46.0,2065042.0,0.022275575993127503,0.491424894019581
Slovenia,Historical,EV sales,Cars,PHEV,2017,170.0,2066388.0,0.0822691575831838,0.7605880463748121
Slovenia,Historical,EV sales,Cars,BEV,2017,290.0,2066388.0,0.14034150411249,0.5149247295194739
Slovenia,Historical,EV sales,Cars,BEV,2018,470.0,2073894.0,0.2266268189213142,0.7073110836271514
Slovenia,Historical,EV sales,Cars,PHEV,2018,190.0,2073894.0,0.09161509701074404,0.9123394655418124
Slovenia,Historical,EV sales,Cars,PHEV,2019,28.0,2088385.0,0.013407489519413326,0.7712182683485058
Slovenia,Historical,EV sales,Cars,BEV,2019,190.0,2088385.0,0.09097939316744758,1.070118781932639
Slovenia,Historical,EV sales,Cars,PHEV,2020,39.0,2102419.0,0.018550060668211237,1.560693153891556
Slovenia,Historical,EV sales,Cars,BEV,2020,1600.0,2102419.0,0.7610281299778969,1.810606502628918
Slovenia,Historical,EV sales,Cars,BEV,2021,1700.0,2108079.0,0.8064213912286968,2.8892353825839754
Slovenia,Historical,EV sales,Cars,PHEV,2021,310.0,2108079.0,0.1470533125181741,2.5922284438470347
Slovenia,Historical,EV sales,Cars,PHEV,2022,590.0,2112076.0,0.27934600838227414,2.2931019906788035
Slovenia,Historical,EV sales,Cars,BEV,2022,2300.0,2112076.0,1.0889759648800517,3.9485613113031417
Slovenia,Historical,EV sales,Cars,BEV,2023,4300.0,2120461.0,2.027860922695584,5.196684427823783
Slovenia,Historical,EV sales,Cars,PHEV,2023,1000.0,2120461.0,0.4715955634175776,2.2940602072628704
Spain,Historical,EV sales,Cars,BEV,2010,76.0,46576897.0,0.0016317102446734481,0.008915171437984424
Spain,Historical,EV sales,Cars,BEV,2011,390.0,46742697.0,0.00834354936772262,0.052489205869858994
Spain,Historical,EV sales,Cars,PHEV,2011,8.0,46742697.0,0.00017114973061995117,0.001369630286872877
Spain,Historical,EV sales,Cars,PHEV,2012,110.0,46773055.0,0.002351781383533746,0.0407210653676794
Spain,Historical,EV sales,Cars,BEV,2012,430.0,46773055.0,0.009193327226541008,0.08392866945690444
Spain,Historical,EV sales,Cars,BEV,2013,810.0,46604197.0,0.017380408893216206,0.1562836408311771
Spain,Historical,EV sales,Cars,PHEV,2013,72.0,46604197.0,0.0015449252349525515,0.10400311699919346
Spain,Historical,EV sales,Cars,PHEV,2014,330.0,46460733.0,0.007102772140938887,0.12387505706781639
Spain,Historical,EV sales,Cars,BEV,2014,1400.0,46460733.0,0.030132972719134673,0.36489226917943135
Spain,Historical,EV sales,Cars,BEV,2015,1300.0,46422303.0,0.028003780855077355,0.37807083314645
Spain,Historical,EV sales,Cars,PHEV,2015,780.0,46422303.0,0.016802268513046413,0.3165819061690226
Spain,Historical,EV sales,Cars,PHEV,2016,1500.0,46458139.0,0.03228713057145918,0.491424894019581
Spain,Historical,EV sales,Cars,BEV,2016,2000.0,46458139.0,0.04304950742861224,0.3415663881667642
Spain,Historical,EV sales,Cars,BEV,2017,3900.0,46571232.0,0.08374268475439944,0.5149247295194739
Spain,Historical,EV sales,Cars,PHEV,2017,3500.0,46571232.0,0.07515369144625592,0.7605880463748121
Spain,Historical,EV sales,Cars,PHEV,2018,5600.0,46782011.0,0.11970413157313822,0.9123394655418124
Spain,Historical,EV sales,Cars,BEV,2018,6000.0,46782011.0,0.12825442668550524,0.7073110836271514
Spain,Historical,EV sales,Cars,BEV,2019,10000.0,47118501.0,0.21223086023046447,1.070118781932639
Spain,Historical,EV sales,Cars,PHEV,2019,7400.0,47118501.0,0.15705083657054372,0.7712182683485058
Spain,Historical,EV sales,Cars,PHEV,2020,24000.0,47359424.0,0.5067629200895687,1.560693153891556
Spain,Historical,EV sales,Cars,BEV,2020,18000.0,47359424.0,0.38007219006717646,1.810606502628918
Spain,Historical,EV sales,Cars,BEV,2021,24000.0,47443821.0,0.5058614482168289,2.8892353825839754
Spain,Historical,EV sales,Cars,PHEV,2021,43000.0,47443821.0,0.9063350947218185,2.5922284438470347
Spain,Historical,EV sales,Cars,PHEV,2022,49000.0,47786102.0,1.0254027415753644,2.2931019906788035
Spain,Historical,EV sales,Cars,BEV,2022,33000.0,47786102.0,0.6905773565711637,3.9485613113031417
Spain,Historical,EV sales,Cars,BEV,2023,57000.0,48347910.0,1.1789547883248728,5.196684427823783
Spain,Historical,EV sales,Cars,PHEV,2023,65000.0,48347910.0,1.3444221270371357,2.2940602072628704
Sweden,Historical,EV sales,Cars,BEV,2010,4.0,9378126.0,0.00042652444635527393,0.008915171437984424
Sweden,Historical,EV sales,Cars,BEV,2011,180.0,9449213.0,0.019049205473514037,0.052489205869858994
Sweden,Historical,EV sales,Cars,BEV,2012,270.0,9519374.0,0.028363209597605892,0.08392866945690444
Sweden,Historical,EV sales,Cars,PHEV,2012,660.0,9519374.0,0.06933229012748107,0.0407210653676794
Sweden,Historical,EV sales,Cars,PHEV,2013,1100.0,9600379.0,0.11457880985740251,0.10400311699919346
Sweden,Historical,EV sales,Cars,BEV,2013,430.0,9600379.0,0.04478989839880279,0.1562836408311771
Sweden,Historical,EV sales,Cars,BEV,2014,1200.0,9696110.0,0.12376097218369016,0.36489226917943135
Sweden,Historical,EV sales,Cars,PHEV,2014,3400.0,9696110.0,0.35065608785378877,0.12387505706781639
Sweden,Historical,EV sales,Cars,PHEV,2015,5700.0,9799186.0,0.5816809681947052,0.3165819061690226
Sweden,Historical,EV sales,Cars,BEV,2015,3000.0,9799186.0,0.3061478779972132,0.37807083314645
Sweden,Historical,EV sales,Cars,BEV,2016,2900.0,9923085.0,0.29224782413936795,0.3415663881667642
Sweden,Historical,EV sales,Cars,PHEV,2016,10000.0,9923085.0,1.0077511177219582,0.491424894019581
Sweden,Historical,EV sales,Cars,PHEV,2017,16000.0,10057698.0,1.5908212793822205,0.7605880463748121
Sweden,Historical,EV sales,Cars,BEV,2017,4400.0,10057698.0,0.4374758518301106,0.5149247295194739
Sweden,Historical,EV sales,Cars,BEV,2018,7100.0,10175214.0,0.6977740222466082,0.7073110836271514
Sweden,Historical,EV sales,Cars,PHEV,2018,22000.0,10175214.0,2.1621166886514622,0.9123394655418124
Sweden,Historical,EV sales,Cars,PHEV,2019,25000.0,10278887.0,2.4321699421347858,0.7712182683485058
Sweden,Historical,EV sales,Cars,BEV,2019,16000.0,10278887.0,1.556588762966263,1.070118781932639
Sweden,Historical,EV sales,Cars,BEV,2020,28000.0,10353442.0,2.7044146284878012,1.810606502628918
Sweden,Historical,EV sales,Cars,PHEV,2020,66000.0,10353442.0,6.374691624292675,1.560693153891556
Sweden,Historical,EV sales,Cars,PHEV,2021,78000.0,10415811.0,7.488615144802455,2.5922284438470347
Sweden,Historical,EV sales,Cars,BEV,2021,57000.0,10415811.0,5.472449528894101,2.8892353825839754
Sweden,Historical,EV sales,Cars,BEV,2022,96000.0,10486941.0,9.154242404911024,3.9485613113031417
Sweden,Historical,EV sales,Cars,PHEV,2022,67000.0,10486941.0,6.388898345094151,2.2931019906788035
Sweden,Historical,EV sales,Cars,PHEV,2023,61000.0,10536632.0,5.7893262287228024,2.2940602072628704
Sweden,Historical,EV sales,Cars,BEV,2023,110000.0,10536632.0,10.439768609172267,5.196684427823783
Switzerland,Historical,EV sales,Cars,BEV,2011,400.0,7912398.0,0.05055357427672369,0.052489205869858994
Switzerland,Historical,EV sales,Cars,PHEV,2011,41.0,7912398.0,0.005181741363364178,0.001369630286872877
Switzerland,Historical,EV sales,Cars,PHEV,2012,400.0,7996861.0,0.05001962645092869,0.0407210653676794
Switzerland,Historical,EV sales,Cars,BEV,2012,340.0,7996861.0,0.04251668248328938,0.08392866945690444
Switzerland,Historical,EV sales,Cars,BEV,2013,1200.0,8089346.0,0.14834326532701161,0.1562836408311771
Switzerland,Historical,EV sales,Cars,PHEV,2013,170.0,8089346.0,0.021015295921326643,0.10400311699919346
Switzerland,Historical,EV sales,Cars,PHEV,2014,200.0,8188649.0,0.024424053345063392,0.12387505706781639
Switzerland,Historical,EV sales,Cars,BEV,2014,2700.0,8188649.0,0.3297247201583558,0.36489226917943135
Switzerland,Historical,EV sales,Cars,BEV,2015,3300.0,8282396.0,0.39843542858853886,0.37807083314645
Switzerland,Historical,EV sales,Cars,PHEV,2015,2400.0,8282396.0,0.2897712207916647,0.3165819061690226
Switzerland,Historical,EV sales,Cars,PHEV,2016,2800.0,8373338.0,0.33439471809211574,0.491424894019581
Switzerland,Historical,EV sales,Cars,BEV,2016,3300.0,8373338.0,0.39410806060856496,0.3415663881667642
Switzerland,Historical,EV sales,Cars,BEV,2017,4800.0,8451840.0,0.5679236710586097,0.5149247295194739
Switzerland,Historical,EV sales,Cars,PHEV,2017,3600.0,8451840.0,0.42594275329395725,0.7605880463748121
Switzerland,Historical,EV sales,Cars,PHEV,2018,4400.0,8514329.0,0.516775896256769,0.9123394655418124
Switzerland,Historical,EV sales,Cars,BEV,2018,5100.0,8514329.0,0.5989902433885277,0.7073110836271514
Switzerland,Historical,EV sales,Cars,BEV,2019,13000.0,8575280.0,1.5159854838559206,1.070118781932639
Switzerland,Historical,EV sales,Cars,PHEV,2019,4300.0,8575280.0,0.501441352352343,0.7712182683485058
Switzerland,Historical,EV sales,Cars,PHEV,2020,14000.0,8638167.0,1.6207142093918767,1.560693153891556
Switzerland,Historical,EV sales,Cars,BEV,2020,20000.0,8638167.0,2.3153060134169667,1.810606502628918
Switzerland,Historical,EV sales,Cars,BEV,2021,32000.0,8704546.0,3.6762399785123776,2.8892353825839754
Switzerland,Historical,EV sales,Cars,PHEV,2021,22000.0,8704546.0,2.5274149852272596,2.5922284438470347
Switzerland,Historical,EV sales,Cars,PHEV,2022,19000.0,8777088.0,2.1647270712108617,2.2931019906788035
Switzerland,Historical,EV sales,Cars,BEV,2022,40000.0,8777088.0,4.5573201499176035,3.9485613113031417
Switzerland,Historical,EV sales,Cars,BEV,2023,53000.0,8888093.0,5.963033915149177,5.196684427823783
Switzerland,Historical,EV sales,Cars,PHEV,2023,23000.0,8888093.0,2.5877316990270014,2.2940602072628704
United Kingdom,Historical,EV sales,Cars,PHEV,2010,21.0,62766365.0,0.0003345740987230979,0.0005890331326082384
United Kingdom,Historical,EV sales,Cars,BEV,2010,240.0,62766365.0,0.003823703985406834,0.008915171437984424
United Kingdom,Historical,EV sales,Cars,BEV,2011,1200.0,63258810.0,0.018969689755466472,0.052489205869858994
United Kingdom,Historical,EV sales,Cars,PHEV,2011,7.0,63258810.0,0.00011065652357355442,0.001369630286872877
United Kingdom,Historical,EV sales,Cars,PHEV,2012,970.0,63711000.0,0.015225000392396918,0.0407210653676794
United Kingdom,Historical,EV sales,Cars,BEV,2012,1600.0,63711000.0,0.025113402709108317,0.08392866945690444
United Kingdom,Historical,EV sales,Cars,BEV,2013,2600.0,64139000.0,0.04053695879262228,0.1562836408311771
United Kingdom,Historical,EV sales,Cars,PHEV,2013,1100.0,64139000.0,0.01715025179687865,0.10400311699919346
United Kingdom,Historical,EV sales,Cars,PHEV,2014,7800.0,64620000.0,0.12070566388115135,0.12387505706781639
United Kingdom,Historical,EV sales,Cars,BEV,2014,6700.0,64620000.0,0.10368307025688642,0.36489226917943135
United Kingdom,Historical,EV sales,Cars,BEV,2015,10000.0,65088000.0,0.15363815142576204,0.37807083314645
United Kingdom,Historical,EV sales,Cars,PHEV,2015,19000.0,65088000.0,0.2919124877089479,0.3165819061690226
United Kingdom,Historical,EV sales,Cars,PHEV,2016,29000.0,65607000.0,0.44202600332281616,0.491424894019581
United Kingdom,Historical,EV sales,Cars,BEV,2016,10000.0,65607000.0,0.15242275976648834,0.3415663881667642
United Kingdom,Historical,EV sales,Cars,BEV,2017,14000.0,65966000.0,0.2122305430070036,0.5149247295194739
United Kingdom,Historical,EV sales,Cars,PHEV,2017,35000.0,65966000.0,0.530576357517509,0.7605880463748121
United Kingdom,Historical,EV sales,Cars,PHEV,2018,46000.0,66289000.0,0.6939311197936309,0.9123394655418124
United Kingdom,Historical,EV sales,Cars,BEV,2018,16000.0,66289000.0,0.24136734601517595,0.7073110836271514
United Kingdom,Historical,EV sales,Cars,PHEV,2019,37000.0,66631000.0,0.5552970839399078,0.7712182683485058
United Kingdom,Historical,EV sales,Cars,BEV,2019,38000.0,66631000.0,0.5703051132355811,1.070118781932639
United Kingdom,Historical,EV sales,Cars,BEV,2020,110000.0,66744000.0,1.6480882176675058,1.810606502628918
United Kingdom,Historical,EV sales,Cars,PHEV,2020,68000.0,66744000.0,1.0188181709217308,1.560693153891556
United Kingdom,Historical,EV sales,Cars,PHEV,2021,120000.0,66984000.0,1.7914725904693658,2.5922284438470347
United Kingdom,Historical,EV sales,Cars,BEV,2021,190000.0,66984000.0,2.8364982682431625,2.8892353825839754
United Kingdom,Historical,EV sales,Cars,BEV,2022,270000.0,67604000.0,3.9938465179575178,3.9485613113031417
United Kingdom,Historical,EV sales,Cars,PHEV,2022,100000.0,67604000.0,1.4792024140583397,2.2931019906788035
United Kingdom,Historical,EV sales,Cars,PHEV,2023,140000.0,68492000.0,2.0440343397769083,2.2940602072628704
United Kingdom,Historical,EV sales,Cars,BEV,2023,310000.0,68492000.0,4.52607603807744,5.196684427823783
